{
    "rmse": 0.699457587873285,
    "mae": 0.5595448358256988,
    "r2": 0.28658682915896005
}