{
    "rmse": 0.7012352295267343,
    "mae": 0.5427901937250027,
    "r2": 0.23691674871289292
}